ts,source_lsn,write_lsn,replay_lsn,origin_lsn,cdc_bytes,write_behind_bytes,replay_behind_bytes
2026-10-07T20:51:22Z,1/73341880,1/7333BFC8,0/0,1/7333BFC8,78096,22712,6227761280
2026-10-07T20:51:27Z,1/77245CA0,1/7333BFC8,1/7333BFC8,1/7333BFC8,13180800,66100440,66100440
2026-10-07T20:51:32Z,1/77245CA0,1/74010B00,1/7333BFC8,1/7333BFC8,22478720,52646304,66100440
2026-10-07T20:51:37Z,1/77245CD8,1/74010B00,1/7333BFC8,1/7333BFC8,33103816,52646360,66100496
2026-10-07T20:51:43Z,1/77245CD8,1/74FC81F8,1/7333BFC8,1/7333BFC8,43065288,36166368,66100496
2026-10-07T20:51:48Z,1/77245CD8,1/74FC81F8,1/7333BFC8,1/7333BFC8,53174216,36166368,66100496
2026-10-07T20:51:53Z,1/77245CD8,1/75EE0DA0,1/7333BFC8,1/7333BFC8,63299528,20336440,66100496
2026-10-07T20:51:58Z,1/77245CD8,1/75EE0DA0,1/7333BFC8,1/7333BFC8,73797576,20336440,66100496
2026-10-07T20:52:04Z,1/77245CD8,1/76ED3DD0,1/7333BFC8,1/7333BFC8,83259336,3612424,66100496
2026-10-07T20:52:09Z,1/7B14A3A8,1/76ED3DD0,1/77245CA0,1/7333BFC8,167101760,69690840,66078472
2026-10-07T20:52:14Z,1/7B14A3A8,1/7770DD48,1/77245CA0,1/7333BFC8,177481024,61064800,66078472
2026-10-07T20:52:19Z,1/7B14A3A8,1/7770DD48,1/77245CA0,1/7333BFC8,188118336,61064800,66078472
2026-10-07T20:52:24Z,1/7B239560,1/7876C618,1/77245CA0,1/7333BFC8,198362432,44879688,67057856
2026-10-07T20:52:30Z,1/7B239560,1/7876C618,1/77245CA0,1/7333BFC8,208475456,44879688,67057856
2026-10-07T20:52:35Z,1/7B239560,1/796CF5D0,1/77245CA0,1/7333BFC8,218723648,28745616,67057856
2026-10-07T20:52:40Z,1/7B239560,1/796CF5D0,1/77245CA0,1/7333BFC8,229623104,28745616,67057856
2026-10-07T20:52:45Z,1/7B239560,1/7A6D0858,1/77245CA0,1/7333BFC8,239863104,11963656,67057856
2026-10-07T20:52:50Z,1/7B239560,1/7A6D0858,1/7B14A3A8,1/77245CA0,303039808,11963656,979384
2026-10-07T20:52:56Z,1/7F13E478,1/7B239560,1/7B239560,1/77245CA0,305927488,66080536,66080536
2026-10-07T20:53:01Z,1/7F13E478,1/7B9E8290,1/7B239560,1/77245CA0,312886592,58024424,66080536
2026-10-07T20:53:06Z,1/7F13E478,1/7B9E86D8,1/7B239560,1/77245CA0,322995520,58023328,66080536
2026-10-07T20:53:11Z,1/7F13E478,1/7C98CCF8,1/7B239560,1/77245CA0,333514048,41621376,66080536
2026-10-07T20:53:16Z,1/7F13E4B0,1/7C98CCF8,1/7B239560,1/77245CA0,343487808,41621432,66080592
2026-10-07T20:53:22Z,1/7F160000,1/7D986C90,1/7B239560,1/77245CA0,354391360,25006960,66218656
2026-10-07T20:53:27Z,1/7F1B5E50,1/7D986C90,1/7B239560,1/77245CA0,364504384,25358784,66570480
2026-10-07T20:53:32Z,1/7F1B5E88,1/7E89CC00,1/7B239560,1/77245CA0,374093120,9540232,66570536
2026-10-07T20:53:37Z,1/7F1B5E88,1/7E89CC00,1/7B239560,1/77245CA0,382625088,9540232,66570536
2026-10-07T20:53:43Z,1/830BA520,1/7F4D8338,1/7F13E478,1/7B14A3A8,448857408,62792168,66568360
2026-10-07T20:53:48Z,1/830BA520,1/7F4D8338,1/7F13E478,1/7B14A3A8,458970432,62792168,66568360
2026-10-07T20:53:53Z,1/830BA558,1/80479180,1/7F13E478,1/7B14A3A8,469607744,46404568,66568416
2026-10-07T20:53:58Z,1/830BA558,1/80479180,1/7F13E478,1/7B14A3A8,480380224,46404568,66568416
2026-10-07T20:54:03Z,1/830BA558,1/814A1F70,1/7F13E478,1/7B14A3A8,491148608,29459944,66568416
2026-10-07T20:54:09Z,1/830BA558,1/814A1F70,1/7F13E478,1/7B14A3A8,501785920,29459944,66568416
2026-10-07T20:54:14Z,1/830BA558,1/8251A770,1/7F13E478,1/7B14A3A8,512554304,12189160,66568416
2026-10-07T20:54:19Z,1/830BA558,1/8251A770,1/7F13E478,1/7B14A3A8,558691648,12189160,66568416
2026-10-07T20:54:24Z,1/865A8000,1/830BA558,1/830BA558,1/7F13E478,579450176,55499432,55499432
2026-10-07T20:54:29Z,1/87036DF8,1/830BA558,1/830BA558,1/7F13E478,589423936,66570400,66570400
2026-10-07T20:54:35Z,1/87036DF8,1/83B3BD28,1/830BA558,1/7F13E478,599803200,55554256,66570400
2026-10-07T20:54:40Z,1/87036DF8,1/83B3BD28,1/830BA558,1/7F13E478,609781056,55554256,66570400
2026-10-07T20:54:45Z,1/87036E30,1/84A83678,1/830BA558,1/7F13E478,620418368,39532472,66570456
2026-10-07T20:54:50Z,1/87036E30,1/84A83678,1/830BA558,1/7F13E478,630666560,39532472,66570456
2026-10-07T20:54:56Z,1/87036E30,1/85A710D8,1/830BA558,1/7F13E478,641041728,22830424,66570456
2026-10-07T20:55:01Z,1/87036E30,1/85A710D8,1/830BA558,1/7F13E478,651167088,22830424,66570456
2026-10-07T20:55:06Z,1/87036E30,1/86A03B90,1/830BA558,1/7F13E478,708187504,6501024,66570456
2026-10-07T20:55:11Z,1/8AF3BCE8,1/871D8670,1/87036DF8,1/7F13E478,720549232,64370296,66080496
2026-10-07T20:55:16Z,1/8AF3BCE8,1/871D8670,1/87036DF8,1/7F13E478,730789232,64370296,66080496
2026-10-07T20:55:22Z,1/8AF3BD98,1/88149E00,1/87036DF8,1/7F13E478,740504944,48177048,66080672
2026-10-07T20:55:27Z,1/8B02B030,1/88149E00,1/87036DF8,1/7F13E478,751539568,49156656,67060280
2026-10-07T20:55:32Z,1/8B02B068,1/89149B08,1/87036DF8,1/7F13E478,761906544,32380256,67060336
2026-10-07T20:55:37Z,1/8B02B068,1/89149B08,1/87036DF8,1/7F13E478,772285808,32380256,67060336
2026-10-07T20:55:42Z,1/8B02B068,1/8A142020,1/87036DF8,1/7F13E478,782804336,15634504,67060336
2026-10-07T20:55:48Z,1/8B02B068,1/8A142020,1/87036DF8,1/7F13E478,793834864,15634504,67060336
2026-10-07T20:55:53Z,1/8B02B068,1/8B02B068,1/8AF3BCE8,1/830BA520,855864688,0,979840
2026-10-07T20:55:58Z,1/8EF312F8,1/8B02B068,1/8B02B068,1/830BA520,861508976,66085520,66085520
2026-10-07T20:56:03Z,1/8EF312F8,1/8BAA5EB8,1/8B02B068,1/830BA520,872142192,55096384,66085520
2026-10-07T20:56:09Z,1/8EF312F8,1/8BAA5EB8,1/8B02B068,1/830BA520,882128240,55096384,66085520
2026-10-07T20:56:14Z,1/8EF312F8,1/8CA4BEA0,1/8B02B068,1/830BA520,892896624,38687832,66085520
2026-10-07T20:56:19Z,1/8EF31330,1/8CA4BEA0,1/8B02B068,1/830BA520,903271792,38687888,66085576
2026-10-07T20:56:24Z,1/8EF3A4C0,1/8D9FA838,1/8B02B068,1/830BA520,912598384,22281352,66122840
2026-10-07T20:56:29Z,1/8EF3A4C0,1/8D9FA838,1/8B02B068,1/830BA520,922842480,22281352,66122840
2026-10-07T20:56:35Z,1/8EF3A4C0,1/8E905050,1/8B02B068,1/830BA520,933082480,6509680,66122840
2026-10-07T20:56:40Z,1/8EF3A4F8,1/8E905050,1/8EF312F8,1/87036DF8,994198896,6509736,37376
2026-10-07T20:56:45Z,1/92E3F408,1/8F11ED60,1/8EF312F8,1/87036DF8,1002993008,64095912,66117904
2026-10-07T20:56:50Z,1/92E3F408,1/8F11ED60,1/8EF312F8,1/87036DF8,1012974960,64095912,66117904
2026-10-07T20:56:55Z,1/92E3F440,1/900BA728,1/8EF312F8,1/87036DF8,1023223152,47729944,66117960
2026-10-07T20:57:01Z,1/92E3F440,1/900BA728,1/8EF312F8,1/87036DF8,1033860464,47729944,66117960
2026-10-07T20:57:06Z,1/92E3F440,1/910371C8,1/8EF312F8,1/87036DF8,1042658672,31490680,66117960
2026-10-07T20:57:11Z,1/92E3F440,1/910371C8,1/8EF312F8,1/87036DF8,1053431152,31490680,66117960
2026-10-07T20:57:16Z,1/92E3F440,1/91F8ACC0,1/8EF312F8,1/87036DF8,1064584560,15419264,66117960
2026-10-07T20:57:21Z,1/92E3F440,1/91F8ACC0,1/8EF312F8,1/87036DF8,1095120240,15419264,66117960
2026-10-07T20:57:27Z,1/92F2E758,1/92E3F440,1/92E3F440,1/8EF312F8,1132397936,979736,979736
2026-10-07T20:57:32Z,1/92F2E758,1/92E3F440,1/92E3F440,1/8EF312F8,1132397936,979736,979736
2026-10-07T20:57:37Z,1/92F2E758,1/92F2E758,1/92E3F440,1/8EF312F8,1132397936,0,979736
2026-10-07T20:57:42Z,1/92F2E758,1/92F2E758,1/92F2E758,1/8EF312F8,1132397936,0,0
2026-10-07T20:57:47Z,1/92F2E790,1/92F2E758,1/92F2E758,1/8EF312F8,1132397936,56,56
2026-10-07T20:57:53Z,1/92F2E790,1/92F2E790,1/92F2E758,1/8EF312F8,1132397936,0,56
2026-10-07T20:57:58Z,1/92F2E790,1/92F2E790,1/92F2E758,1/8EF312F8,1132397936,0,56
2026-10-07T20:58:03Z,1/92F2E790,1/92F2E790,1/92F2E790,1/8EF312F8,1132397936,0,0
2026-10-07T20:58:08Z,1/92F2E790,1/92F2E790,1/92F2E790,1/8EF312F8,1132397936,0,0
2026-10-07T20:58:14Z,1/92F2E790,1/92F2E790,1/92F2E790,1/8EF312F8,1132397936,0,0
2026-10-07T20:58:19Z,1/92F2E790,1/92F2E790,1/92F2E790,1/8EF312F8,1132397936,0,0
2026-10-07T20:58:24Z,1/92F2E790,1/92F2E790,1/92F2E790,1/8EF312F8,1132397936,0,0
2026-10-07T20:58:29Z,1/92F2E840,1/92F2E790,1/92F2E790,1/92F2E758,1132397936,176,176
2026-10-07T20:58:34Z,1/92F2E840,1/92F2E840,1/92F2E790,1/92F2E758,1132397936,0,176
2026-10-07T20:58:40Z,1/92F2E840,1/92F2E840,1/92F2E790,1/92F2E758,1132397936,0,176
2026-10-07T20:58:45Z,1/92F2E840,1/92F2E840,1/92F2E790,1/92F2E758,1132397936,0,176
2026-10-07T20:58:50Z,1/92F2E840,1/92F2E840,1/92F2E790,1/92F2E758,1132397936,0,176
2026-10-07T20:58:55Z,1/92F2E840,1/92F2E840,1/92F2E790,1/92F2E758,1132397936,0,176
2026-10-07T20:59:00Z,1/92F2E840,1/92F2E840,1/92F2E790,1/92F2E758,1132397936,0,176
2026-10-07T20:59:06Z,1/92F2E840,1/92F2E840,1/92F2E790,1/92F2E758,1132397936,0,176
2026-10-07T20:59:11Z,1/92F2E840,1/92F2E840,1/92F2E790,1/92F2E758,1132397936,0,176
2026-10-07T20:59:16Z,1/92F2E840,1/92F2E840,1/92F2E790,1/92F2E758,1132397936,0,176
2026-10-07T20:59:21Z,1/92F2E840,1/92F2E840,1/92F2E790,1/92F2E758,1132397936,0,176
2026-10-07T20:59:26Z,1/92F2E840,1/92F2E840,1/92F2E790,1/92F2E758,1132397936,0,176
2026-10-07T20:59:32Z,1/92F2E840,1/92F2E840,1/92F2E790,1/92F2E758,1132397936,0,176
2026-10-07T20:59:37Z,1/92F2E840,1/92F2E840,1/92F2E790,1/92F2E758,1132397936,0,176
2026-10-07T20:59:42Z,1/92F2E840,1/92F2E840,1/92F2E790,1/92F2E758,1132397936,0,176
2026-10-07T20:59:47Z,1/92F2E840,1/92F2E840,1/92F2E790,1/92F2E758,1132397936,0,176
2026-10-07T20:59:52Z,1/92F2E840,1/92F2E840,1/92F2E790,1/92F2E758,1132397936,0,176
2026-10-07T20:59:58Z,1/92F2E840,1/92F2E840,1/92F2E790,1/92F2E758,1132397936,0,176
2026-10-07T21:00:03Z,1/92F2E840,1/92F2E840,1/92F2E790,1/92F2E758,1132397936,0,176
2026-10-07T21:00:08Z,1/92F2E840,1/92F2E840,1/92F2E790,1/92F2E758,1132397936,0,176
2026-10-07T21:00:13Z,1/92F2E840,1/92F2E840,1/92F2E790,1/92F2E758,1132397936,0,176
2026-10-07T21:00:19Z,1/92F2E840,1/92F2E840,1/92F2E790,1/92F2E758,1132397936,0,176
2026-10-07T21:00:24Z,1/92F31670,1/92F2E8F0,1/92F2E790,1/92F2E758,1132397936,11648,12000
